"Leaf","Distance"
"L33.CCACGGACAATCACAC-1",0
"L33.AACTTTCTCACCACCT-1",6
"L33.CCTTCCCTCAGCGACC-1",6
"L33.TTCGGTCCACTGAAGG-1",7
"L33.GAAGCAGCATCGGGTC-1",10
"L33.TTCTACAAGGTGATAT-1",10
"L33.TAAACCGGTACCCAAT-1",10
"L33.GCATGCGCAGATGAGC-1",10
"L33.CTAGCCTGTAGCTGCC-1",10
"L33.CGATCGGGTGGCAAAC-1",10
"L33.CCATGTCCATGCTGGC-1",10
"L33.ACTTACTCAGGGATTG-1",10
"L33.GCAATCAGTCGATTGT-1",10
"L33.ATGTGTGAGACTGTAA-1",10
"L33.ACTGTCCAGCCTCGTG-1",10
"L33.GTACTTTCAGCTGGCT-1",10
"L33.GGGTTGCCAAAGGTGC-1",10
"L33.CTTACCGAGAATGTGT-1",10
"L33.CTACGTCCACGGTAAG-1",10
"L33.CGCTTCACACTTAACG-1",10
"L33.CCCAATCGTCACAAGG-1",10
"L33.CATGACAAGCTGGAAC-1",10
"L33.CACACCTTCCTGCAGG-1",10
"L33.AGGTCATTCTGCCCTA-1",10
"L33.AGCCTAATCAAAGACA-1",10
"L33.AGCAGCCCACGTAAGG-1",10
"L33.ACCGTAAGTATCAGTC-1",10
"L33.CTAGTGAAGTGCGTGA-1",10
"L33.CCTTTCTTCTTCTGGC-1",11
"L33.GATGCTAGTCAAAGAT-1",10
"L33.CGGGTCACATCGGACC-1",12
"L33.CGACCTTCATGCTAGT-1",9
"L33.ACGAGCCGTAATTGGA-1",15
"L33.TCAATCTAGTCGTTTG-1",16
"L33.CGTGTAAGTCTAACGT-1",16
"L33.AACCGCGTCATGTCTT-1",13
"L33.CAAGAAAGTGTGCGTC-1",14
"L33.GAAATGAGTAACGCGA-1",15
"L33.CCACCTACATACGCTA-1",15
"L33.CGCTGGATCCGTACAA-1",13
"L33.CAGCGACAGGGATCTG-1",13
"L33.GCTGCTTGTATCGCAT-1",13
"L33.GACGGCTCATCTGGTA-1",13
"L33.TACTCGCCAAAGGCGT-1",9
"L33.TGTGTTTGTCGCCATG-1",13
"L33.GGGTCTGAGCGAGAAA-1",12
"L33.GATGAAATCGCCCTTA-1",12
"L33.ACGCCGACATTGCGGC-1",10
"L33.AGGCCACGTCTCACCT-1",11
"L33.CTGCGGAGTTCTCATT-1",14
"L33.CGACCTTCAGTCGATT-1",14
"L33.TACACGACACATCTTT-1",14
"L33.TTAGTTCCAAGAGGCT-1",10
"L33.GAGCAGATCGGTTAAC-1",16
"L33.AGATCTGTCTTGCAAG-1",17
"L33.ACCTTTAGTGTTTGGT-1",16
"L33.CCTTCGATCTGCGGCA-1",16
"L33.AACTCTTCATACTACG-1",17
"L33.GTACTTTCAATAGCGG-1",18
"L33.CAACCAAGTTAAGGGC-1",18
"L33.CCTATTAAGCGCTCCA-1",18
"L33.CTACGTCCAATACGCT-1",18
"L33.TCAGCAATCTACTTAC-1",18
"L33.CAAGGCCCAATGAAAC-1",18
"L33.CGGACGTCAGACGCTC-1",12
"L33.ACGGAGAGTCCAGTTA-1",17
"L33.ATCATCTTCGCGTTTC-1",17
"L33.TCGGTAACAGCGATCC-1",17
"L33.TACAGTGAGTCACGCC-1",17
"L33.CATTATCAGGCACATG-1",17
"L33.GGAACTTTCGGCGGTT-1",17
"L33.CAAGGCCTCAGTCAGT-1",15
"L33.ACAGCTACAGAGTGTG-1",15
"L33.GATCGCGAGCGGCTTC-1",11
"L33.GTTACAGCAGGGAGAG-1",14
"L33.AACTGGTGTACATGTC-1",13
"L33.CTCACACGTGACCAAG-1",12
"L33.GACTGCGGTACCATCA-1",16
"L33.CATGCCTAGATATGGT-1",15
"L33.GCGACCAAGATGTAAC-1",14
"L33.GTCACAAGTCCGAATT-1",17
"L33.GTATTCTCATTCCTCG-1",19
"L33.GTATTCTGTGACGGTA-1",19
"L33.GGCCGATCACCTCGTT-1",20
"L33.TGAAAGAGTGCATCTA-1",20
"L33.TGCGGGTCATCTGGTA-1",19
"L33.CGGAGCTCAACGATCT-1",13
"L33.TGGGCGTCAGCTGGCT-1",14
"L33.CATCCACGTTATCCGA-1",14
"L33.TTTGGTTAGGATATAC-1",19
"L33.GCACTCTCACCCTATC-1",20
"L33.TCGGGACAGTCTCGGC-1",19
"L33.TTTGTCAGTCACTTCC-1",20
"L33.CATATTCTCTCGGACG-1",20
"L33.CAGCGACTCCGTCATC-1",20
"L33.CCTTCCCCAATCTGCA-1",19
"L33.TCGGGACAGGCAATTA-1",19
"L33.GTTTCTACATTCGACA-1",19
"L33.GTCGTAACACATGGGA-1",19
"L33.AGGCCGTAGATCTGCT-1",19
"L33.GACACGCGTTATGCGT-1",19
"L33.CTGATAGCAGACGTAG-1",19
"L33.CATCAAGAGAGTGAGA-1",19
"L33.TCAACGACAAGTCTAC-1",19
"L33.GCACTCTCAATGAAAC-1",19
"L33.GAGTCCGTCAGAGACG-1",19
"L33.CAGAGAGTCAATCTCT-1",19
"L33.CAGAGAGCATCTACGA-1",19
"L33.AGAGCTTAGCCAGGAT-1",19
"L33.ACACCCTCATTCCTGC-1",19
"L33.GTCATTTTCCTTGACC-1",19
"L33.GCTTGAATCTTTACGT-1",19
"L33.CCTACACCAGGTCTCG-1",19
"L33.CTCACACGTATCACCA-1",18
"L33.CAGAGAGCAGACACTT-1",18
"L33.CATCGAACAATCTACG-1",17
"L33.GTGTGCGCATATGAGA-1",19
"L33.GGGTTGCGTTCCTCCA-1",18
"L33.AGCGTATTCGGAATCT-1",18
"L33.CTCAGAAGTAAGTAGT-1",19
"L33.CCTCAGTTCCAGAAGG-1",19
"L33.TCAATCTGTCACTTCC-1",19
"L33.ACATGGTAGGTAGCTG-1",19
"L33.TGTCCCACAACTGCGC-1",18
"L33.GCACATAGTCATGCCG-1",18
"L33.GAGTCCGGTGCAGTAG-1",18
"L33.GTGCATACATCACGAT-1",17
"L33.AAAGCAAGTACATGTC-1",20
"L33.TGGACGCTCTCGATGA-1",19
"L33.AGCGGTCGTTCCGTCT-1",20
"L33.AAGGCAGTCAACCATG-1",20
"L33.CCAGCGAAGCCCTAAT-1",20
"L33.AACCGCGGTCATGCCG-1",20
"L33.CATGACACAATCCAAC-1",20
"L33.AGTTGGTAGGCGCTCT-1",19
"L33.GACTAACCATCACCCT-1",18
"L33.GGGCATCAGTCAAGGC-1",18
"L33.CTTTGCGGTTCGGCAC-1",19
"L33.ACATACGCACACCGCA-1",19
"L33.CACACCTAGCTAACAA-1",18
"L33.CAAGTTGCACGCCAGT-1",20
"L33.AGACGTTCACGGCTAC-1",19
"L33.ACAGCTAAGAAGGCCT-1",20
"L33.TGAAAGAGTCCAAGTT-1",17
"L33.GCGCCAATCCTTAATC-1",20
"L33.CCCAATCTCTTGTCAT-1",20
"L33.TAAACCGGTCTTCGTC-1",20
"L33.CACAGTATCGTTTGCC-1",20
"L33.TCAACGACACTTAAGC-1",19
"L33.CAAGGCCAGACTGGGT-1",15
"L33.TTGCGTCCAGTCGATT-1",16
"L33.CTTAGGAGTCATATCG-1",12
"L33.TGTTCCGTCAGCTTAG-1",12
"L33.GCACTCTGTTCAGCGC-1",10
"L33.CTTACCGAGGTTCCTA-1",14
"L33.CTCCTAGAGGATCGCA-1",14
"L33.ACCCACTAGCTAAGAT-1",15
"L33.AGCTCCTAGGACAGCT-1",16
"L33.CGTGAGCGTCGACTGC-1",16
"L33.AGGTCCGTCGGAATCT-1",14
"L33.ACTATCTGTAGCTCCG-1",15
"L33.GGGATGAGTGTTTGGT-1",15
"L33.GATGAGGTCCCGGATG-1",15
"L33.GGATGTTCACGGTAGA-1",15
"L33.CTCTACGAGTGTACCT-1",15
"L33.CGCCAAGGTTCTGGTA-1",14
"L33.GAACGGAGTCGCCATG-1",14
"L33.TATTACCGTACCTACA-1",16
"L33.GTAGGCCTCAACTCTT-1",17
"L33.GACGTGCCACTACAGT-1",15
"L33.TACTTGTCAGGAATGC-1",15
"L33.ACACCAAGTCCATGAT-1",15
"L33.AGGGAGTAGATGTGTA-1",15
"L33.GCACTCTAGGCGTACA-1",15
"L33.GTCGGGTGTCCGACGT-1",12
"L33.CCGGTAGAGGTGTTAA-1",15
"L33.AGACGTTTCCCACTTG-1",14
"L33.TTGACTTGTCGAACAG-1",12
"L33.CCAATCCCAAAGGCGT-1",16
"L33.TGTATTCGTCGGATCC-1",15
"L33.ATTACTCAGAGTACAT-1",16
"L33.GGACAGACACGTGAGA-1",15
"L33.GAGTCCGCACGCCAGT-1",17
"L33.TGAGCCGTCTCTGAGA-1",18
"L33.AGCAGCCGTCTAACGT-1",17
"L33.GAAATGATCATGTCTT-1",16
"L33.ATCACGAGTTTAAGCC-1",17
"L33.GGTGCGTGTGCTGTAT-1",17
"L33.GCATGCGTCGTTACAG-1",17
"L33.GACACGCTCTTACCGC-1",17
"L33.AAGGAGCGTTGATTGC-1",17
"L33.TGCGTGGGTGAAAGAG-1",16
"L33.CGTGTCTCAGGACGTA-1",15
"L33.GTATCTTCACTGAAGG-1",16
"L33.GATCAGTAGTTATCGC-1",19
"L33.TTGAACGAGTGAATTG-1",19
"L33.CGACCTTCATGGAATA-1",21
"L33.TTAGTTCAGAAAGTGG-1",20
"L33.AACTCAGTCGTGACAT-1",19
"L33.ATAAGAGGTGCACTTA-1",21
"L33.CCTCTGAGTAATAGCA-1",20
"L33.CTGCCTATCATCGCTC-1",20
"L33.TCTGGAACAAGCGAGT-1",16
"L33.TGTATTCTCCTCATTA-1",16
"L33.GGATTACAGACTCGGA-1",18
"L33.CATCAGAGTATATGAG-1",18
"L33.TTAGGCACATGATCCA-1",18
"L33.GCATGTACATCCCATC-1",15
"L33.TTTGCGCGTAGCAAAT-1",18
"L33.TCTCTAACACCCTATC-1",18
"L33.CCTTCGAGTCAGAAGC-1",18
"L33.TAGAGCTGTGGTGTAG-1",17
"L33.GCGGGTTCACAACGTT-1",17
"L33.CGACTTCTCTTGCATT-1",17
"L33.AGTCTTTTCTTGTTTG-1",17
"L33.ACCAGTAGTAACGACG-1",17
"L33.AAGTCTGAGGTGACCA-1",17
"L33.CAACCTCGTTACGGAG-1",17
"L33.TCGCGAGAGTGTTTGC-1",23
"L33.CAGATCACACGGCGTT-1",23
"L33.CAACCTCGTGTAACGG-1",23
"L33.TACTTGTAGTCTCAAC-1",25
"L33.CATCAAGGTTCGTTGA-1",24
"L33.GCTGCGATCTACCTGC-1",24
"L33.TTTATGCGTCAAAGAT-1",24
"L33.GGACAGAGTTGACGTT-1",24
"L33.TTAGGACAGACAAGCC-1",23
"L33.TGATTTCCAGTTTACG-1",23
"L33.GTTCATTCACGGTGTC-1",23
"L33.AGTGGGAAGCGCTCCA-1",23
"L33.ACTTTCAGTGTATGGG-1",23
"L33.ACGGGTCTCCATGAAC-1",23
"L33.GGAGCAAAGATCGGGT-1",24
"L33.CCCAATCCACATGACT-1",25
"L33.GTGTGCGAGGTCGGAT-1",25
"L33.CGTTAGACAGCTGTTA-1",25
"L33.CGGCTAGGTTATGCGT-1",25
"L33.AGGTCCGAGATCCCAT-1",25
"L33.ACACCCTTCATGTGGT-1",25
"L33.CATGCCTGTCCGTTAA-1",25
"L33.TCAATCTCAATAAGCA-1",26
"L33.AGCGTATGTTAAGATG-1",26
"L33.CGACCTTCAGACACTT-1",25
"L33.GCGCCAATCGGCTACG-1",26
"L33.CAAGGCCTCAGCACAT-1",26
"L33.TGCTACCAGGGTGTGT-1",26
"L33.TAAGAGAAGGCAATTA-1",26
"L33.ACTTACTGTCTAGTGT-1",26
"L33.GGAATAACAAGTACCT-1",25
"L33.AGCTCTCTCTCTAAGG-1",25
"L33.CTAATGGAGGCAGGTT-1",26
"L33.TTTGTCATCCTTAATC-1",24
"L33.TTTATGCCAGCTTAAC-1",24
"L33.TTTACTGTCCACGTTC-1",24
"L33.TTTACTGGTCGCTTTC-1",24
"L33.TTTACTGAGCAGGTCA-1",24
"L33.TTGTAGGCAGCTGTGC-1",24
"L33.TTGTAGGCACGTCTCT-1",24
"L33.TTGCGTCCACAAGACG-1",24
"L33.TTGCGTCAGGTGGGTT-1",24
"L33.TTGCCGTGTAAACCTC-1",24
"L33.TTGCCGTCAAGGACTG-1",24
"L33.TTCTTAGAGGTGCACA-1",24
"L33.TTCTCCTAGACATAAC-1",24
"L33.TTCGGTCGTAAATGAC-1",24
"L33.TTCGGTCCACCGGAAA-1",24
"L33.TTCGGTCCAAAGGCGT-1",24
"L33.TTCCCAGCAAAGGCGT-1",24
"L33.TTATGCTAGTACGCCC-1",24
"L33.TTAGTTCGTTGTGGAG-1",24
"L33.TTAGTTCAGAAGGCCT-1",24
"L33.TTAGGCAGTCACTGGC-1",24
"L33.TTAGGACGTATCACCA-1",24
"L33.TGTTCCGAGAGGGCTT-1",24
"L33.TGTGGTAGTAGTGAAT-1",24
"L33.TGTGGTAAGTGCCATT-1",24
"L33.TGTATTCTCTTGCCGT-1",24
"L33.TGTATTCGTTGTCGCG-1",24
"L33.TGGTTAGAGGGTGTGT-1",24
"L33.TGGGCGTGTGGCCCTA-1",24
"L33.TGGGCGTGTCTCTCTG-1",24
"L33.TGGGAAGGTTCCCTTG-1",24
"L33.TGGGAAGAGTTAGCGG-1",24
"L33.TGGCGCAGTCATCCCT-1",24
"L33.TGGACGCTCCCAGGTG-1",24
"L33.TGCTGCTCAGCGTAAG-1",24
"L33.TGCTGCTCACAAGTAA-1",24
"L33.TGCTGCTAGTGCTGCC-1",24
"L33.TGCTACCGTGACTACT-1",24
"L33.TGCGTGGCATCCTTGC-1",24
"L33.TGCCAAATCACAATGC-1",24
"L33.TGCCAAAAGGGTTTCT-1",24
"L33.TGATTTCTCTTATCTG-1",24
"L33.TGAGCCGTCTACTCAT-1",24
"L33.TGAGAGGCATTTCAGG-1",24
"L33.TGACTAGAGGTCGGAT-1",24
"L33.TGACAACCACGGCTAC-1",24
"L33.TGACAACAGACTACAA-1",24
"L33.TCTTCGGGTTCCTCCA-1",24
"L33.TCTTCGGGTGTATGGG-1",24
"L33.TCTGAGACATGCCCGA-1",24
"L33.TCTCTAAAGGTGTTAA-1",24
"L33.TCTATTGCAGATCGGA-1",24
"L33.TCGGGACTCGGGAGTA-1",24
"L33.TCGGGACAGTTGAGTA-1",24
"L33.TCGCGTTGTTCGTTGA-1",24
"L33.TCGAGGCGTAATAGCA-1",24
"L33.TCCCGATTCAGTTGAC-1",24
"L33.TCATTACCACGTTGGC-1",24
"L33.TCAGGTACAGGATCGA-1",24
"L33.TCAGGTACACAACGTT-1",24
"L33.TCAGGTAAGAGTAATC-1",24
"L33.TCAGGTAAGAATAGGG-1",24
"L33.TCAGATGCAACTGCTA-1",24
"L33.TCACGAACAATAGAGT-1",24
"L33.TCAACGAGTCTAAAGA-1",24
"L33.TATTACCAGGTAGCTG-1",24
"L33.TATGCCCAGTGTTTGC-1",24
"L33.TATCTCATCCGCGGTA-1",24
"L33.TATCTCATCACTATTC-1",24
"L33.TATCAGGTCGTGACAT-1",24
"L33.TATCAGGGTTTCCACC-1",24
"L33.TATCAGGGTATCAGTC-1",24
"L33.TATCAGGCAAGTCTAC-1",24
"L33.TAGTTGGCAGTCACTA-1",24
"L33.TAGTTGGCAATAGAGT-1",24
"L33.TAGTGGTGTGCCTGTG-1",24
"L33.TAGCCGGAGCTCAACT-1",24
"L33.TAGAGCTCACGGACAA-1",24
"L33.TACTTGTGTTGTACAC-1",24
"L33.TACTCATTCGTTGACA-1",24
"L33.TACTCATCACATTCGA-1",24
"L33.TACCTTAGTTAGATGA-1",24
"L33.TACAGTGTCTACGAGT-1",24
"L33.TACAGTGTCCCAAGAT-1",24
"L33.TAAGTGCGTTTAAGCC-1",24
"L33.TAAGCGTAGATTACCC-1",24
"L33.TAAACCGAGATGCGAC-1",24
"L33.GTTCGGGAGTTCGATC-1",24
"L33.GTTCATTAGGATGGTC-1",24
"L33.GTTACAGGTCTAGAGG-1",24
"L33.GTTAAGCGTGTTAAGA-1",24
"L33.GTGTGCGCAGCTTAAC-1",24
"L33.GTGGGTCTCCACTCCA-1",24
"L33.GTGGGTCTCATGCATG-1",24
"L33.GTGCAGCAGAAACGAG-1",24
"L33.GTCGTAAGTTTGGCGC-1",24
"L33.GTCCTCAAGACGCAAC-1",24
"L33.GTCATTTGTCTTGCGG-1",24
"L33.GTCACGGCATATGCTG-1",24
"L33.GTCAAGTAGCTAAGAT-1",24
"L33.GTATTCTGTCTTGCGG-1",24
"L33.GTAGTCAAGGTGACCA-1",24
"L33.GTAGTCAAGATATGGT-1",24
"L33.GTAGGCCGTAGCGTAG-1",24
"L33.GTACTCCCATGGTCAT-1",24
"L33.GTACTCCCAAACAACA-1",24
"L33.GTACTCCAGGGAACGG-1",24
"L33.GTAACTGGTAAGGGCT-1",24
"L33.GTAACGTTCCACGACG-1",24
"L33.GTAACGTGTGATAAAC-1",24
"L33.GGTGTTATCTTCGAGA-1",24
"L33.GGTGCGTAGTATGACA-1",24
"L33.GGTATTGCAGCCACCA-1",24
"L33.GGTATTGCAAAGGTGC-1",24
"L33.GGGTTGCTCAGTACGT-1",24
"L33.GGGTTGCGTTAAGAAC-1",24
"L33.GGGTTGCCAAGCCGCT-1",24
"L33.GGGCACTGTAAACACA-1",24
"L33.GGGCACTCATGTCCTC-1",24
"L33.GGGCACTCAGCATACT-1",24
"L33.GGGAATGAGCGCCTCA-1",24
"L33.GGCTCGACATGCCACG-1",24
"L33.GGCGACTCATGGTTGT-1",24
"L33.GGCGACTCAGCCTTTC-1",24
"L33.GGCCGATTCGCGTAGC-1",24
"L33.GGCAATTAGGAATGGA-1",24
"L33.GGATTACGTGAGTATA-1",24
"L33.GGATTACAGACTTTCG-1",24
"L33.GGATGTTAGAGTTGGC-1",24
"L33.GGAGCAAGTAGCGTAG-1",24
"L33.GGACGTCCACCAACCG-1",24
"L33.GGACATTTCTTTAGGG-1",24
"L33.GGAACTTTCCACGACG-1",24
"L33.GGAACTTGTACAGCAG-1",24
"L33.GGAAAGCTCGGCTTGG-1",24
"L33.GGAAAGCCAAACTGTC-1",24
"L33.GCTTCCAAGGGAGTAA-1",24
"L33.GCTGGGTGTTGTACAC-1",24
"L33.GCTGCGATCACATAGC-1",24
"L33.GCTCCTAGTTACAGAA-1",24
"L33.GCGGGTTAGAGAGCTC-1",24
"L33.GCGCAACAGCCCAACC-1",24
"L33.GCGACCAGTATTCTCT-1",24
"L33.GCCTCTAGTTAGTGGG-1",24
"L33.GCCAAATTCTGATACG-1",24
"L33.GCATGTACAGGCGATA-1",24
"L33.GCATGCGTCGCTTGTC-1",24
"L33.GCAGTTACATGCAATC-1",24
"L33.GCAATCATCTGATTCT-1",24
"L33.GCAAACTTCGTGGGAA-1",24
"L33.GCAAACTAGTGAACGC-1",24
"L33.GATTCAGTCTAGAGTC-1",24
"L33.GATGCTAAGTCCGTAT-1",24
"L33.GATGAGGGTTAAAGTG-1",24
"L33.GATGAGGAGGTCGGAT-1",24
"L33.GATCGTAAGGATGGTC-1",24
"L33.GATCGATGTGTTCTTT-1",24
"L33.GATCAGTGTAAATGAC-1",24
"L33.GACTGCGGTGTTGAGG-1",24
"L33.GACTGCGGTGTCTGAT-1",24
"L33.GACTAACGTCCGAGTC-1",24
"L33.GACGTTAGTCTAAACC-1",24
"L33.GACGTTACATCTACGA-1",24
"L33.GACCAATGTAGTAGTA-1",24
"L33.GACAGAGCAGTAACGG-1",24
"L33.GACACGCAGTCCTCCT-1",24
"L33.GAATGAAGTTGATTCG-1",24
"L33.GAATGAACACCCAGTG-1",24
"L33.GAATAAGTCCGCGCAA-1",24
"L33.GAATAAGCACCAACCG-1",24
"L33.GAACCTACAGACAAGC-1",24
"L33.GAACCTACACACAGAG-1",24
"L33.GAAATGATCACAATGC-1",24
"L33.GAAACTCGTATAGGGC-1",24
"L33.GAAACTCAGACTAAGT-1",24
"L33.CTTGGCTAGGGTTTCT-1",24
"L33.CTTGGCTAGAACAATC-1",24
"L33.CTTCTCTCAGTAGAGC-1",24
"L33.CTTAACTTCAAGGCTT-1",24
"L33.CTTAACTCACAACGCC-1",24
"L33.CTGGTCTAGATCGGGT-1",24
"L33.CTGCTGTCACTACAGT-1",24
"L33.CTGCGGATCCGCGCAA-1",24
"L33.CTGATCCGTGGCTCCA-1",24
"L33.CTGATAGAGTGCGATG-1",24
"L33.CTGAAACGTAGGACAC-1",24
"L33.CTCTACGAGCTACCGC-1",24
"L33.CTCTACGAGACACTAA-1",24
"L33.CTCTAATAGTATCGAA-1",24
"L33.CTCGTACCAGTATCTG-1",24
"L33.CTCGAGGCACATGTGT-1",24
"L33.CTCGAGGAGCTGCAAG-1",24
"L33.CTCGAAATCTACTATC-1",24
"L33.CTCCTAGCATGGGACA-1",24
"L33.CTCATTACACTCTGTC-1",24
"L33.CTCAGAAGTAAATACG-1",24
"L33.CTCACACGTCGTGGCT-1",24
"L33.CTAGCCTGTATAATGG-1",24
"L33.CTAGCCTAGGCCGAAT-1",24
"L33.CTACGTCCATCCGTGG-1",24
"L33.CTACCCAGTTTGGCGC-1",24
"L33.CTACATTTCATTTGGG-1",24
"L33.CTACACCCATAAGACA-1",24
"L33.CTACACCAGCTGCGAA-1",24
"L33.CTAATGGTCCAAATGC-1",24
"L33.CTAATGGGTGTTCTTT-1",24
"L33.CTAATGGCAGCTGTTA-1",24
"L33.CTAACTTGTGGTTTCA-1",24
"L33.CGTTGGGGTAAGAGGA-1",24
"L33.CGTTCTGTCCACGTTC-1",24
"L33.CGTTAGAAGGAGTACC-1",24
"L33.CGTGTCTAGAAGGGTA-1",24
"L33.CGTCCATGTGATGCCC-1",24
"L33.CGTCCATGTCAGAAGC-1",24
"L33.CGTCCATCAGGGTATG-1",24
"L33.CGTCAGGTCTTCATGT-1",24
"L33.CGTCAGGCATTAGGCT-1",24
"L33.CGTCAGGCAAGCGATG-1",24
"L33.CGTCACTCATACTACG-1",24
"L33.CGTAGGCAGCAGCCTC-1",24
"L33.CGTAGCGTCCCTCAGT-1",24
"L33.CGTAGCGCAGTCAGCC-1",24
"L33.CGGTTAAAGAAGGACA-1",24
"L33.CGGCTAGTCTGTCCGT-1",24
"L33.CGGCTAGTCGTTTAGG-1",24
"L33.CGGCTAGGTGAAATCA-1",24
"L33.CGGCTAGGTAAATGAC-1",24
"L33.CGGCTAGCACCAGGCT-1",24
"L33.CGGAGCTGTACATCCA-1",24
"L33.CGGACACGTCTGATCA-1",24
"L33.CGCTTCAGTCTGATTG-1",24
"L33.CGCTGGACATACAGCT-1",24
"L33.CGCGTTTAGTACGTAA-1",24
"L33.CGCGGTAGTTATCGGT-1",24
"L33.CGCCAAGCACCCTATC-1",24
"L33.CGCCAAGAGTCATGCT-1",24
"L33.CGATTGACAGCTGGCT-1",24
"L33.CGATTGAAGGCTCATT-1",24
"L33.CGATGTATCAAGATCC-1",24
"L33.CGATGTAAGACGCACA-1",24
"L33.CGATCGGGTCCGACGT-1",24
"L33.CGAGCCAGTGAGGCTA-1",24
"L33.CGAGCCACATGCCTAA-1",24
"L33.CGAGCCAAGGCATGGT-1",24
"L33.CGAGAAGAGTAGTGCG-1",24
"L33.CGACTTCAGGTTACCT-1",24
"L33.CGAATGTCAACTTGAC-1",24
"L33.CCTTACGGTACCGGCT-1",24
"L33.CCTCTGACATTAGCCA-1",24
"L33.CCTCAGTTCTGGGCCA-1",24
"L33.CCTATTATCCGGGTGT-1",24
"L33.CCTACCAGTACCGGCT-1",24
"L33.CCGGGATAGACCGGAT-1",24
"L33.CCCAATCGTTCGCTAA-1",24
"L33.CCCAATCAGGAGCGTT-1",24
"L33.CCATGTCGTGCTGTAT-1",24
"L33.CCATGTCGTCCTAGCG-1",24
"L33.CCAGCGAAGAGTGAGA-1",24
"L33.CCACGGAGTAGCGCAA-1",24
"L33.CCAATCCAGTCCTCCT-1",24
"L33.CATTATCCAGCTCGAC-1",24
"L33.CATGGCGTCTGAGTGT-1",24
"L33.CATGCCTTCGTCCGTT-1",24
"L33.CATGACATCCTCCTAG-1",24
"L33.CATGACAGTAAGGGCT-1",24
"L33.CATGACAAGGATGGAA-1",24
"L33.CATCGGGGTCTCTCGT-1",24
"L33.CATCGAACATGAACCT-1",24
"L33.CATATTCGTCCAGTAT-1",24
"L33.CATATTCAGGTGGGTT-1",24
"L33.CATATGGCAACCGCCA-1",24
"L33.CAGCTGGTCTGTGCAA-1",24
"L33.CAGCTAAAGCCGATTT-1",24
"L33.CAGCGACAGTCTTGCA-1",24
"L33.CAGCGACAGAAAGTGG-1",24
"L33.CAGCCGAGTGGACGAT-1",24
"L33.CAGCCGAAGTGTACCT-1",24
"L33.CAGCCGAAGCACACAG-1",24
"L33.CACTCCAGTAGCGCAA-1",24
"L33.CACCACTCAATGAATG-1",24
"L33.CACCACTAGTTGAGAT-1",24
"L33.CACATTTTCGGAATCT-1",24
"L33.CACATAGTCTGTTGAG-1",24
"L33.CACATAGCAGGACCCT-1",24
"L33.CAAGGCCTCTGGTATG-1",24
"L33.CAAGATCAGGGAGTAA-1",24
"L33.CAAGAAATCGATGAGG-1",24
"L33.CAAGAAATCCAAACTG-1",24
"L33.CAACTAGGTCGGGTCT-1",24
"L33.CAACCTCCAGCTGCAC-1",24
"L33.CAACCTCAGACAAAGG-1",24
"L33.ATTTCTGCAAGCCGCT-1",24
"L33.ATTGGACCAAAGGAAG-1",24
"L33.ATTCTACTCCAAGCCG-1",24
"L33.ATTATCCTCAACTCTT-1",24
"L33.ATCTGCCTCGCCCTTA-1",24
"L33.ATCTGCCTCCGAATGT-1",24
"L33.ATCTGCCCAATGACCT-1",24
"L33.ATCTACTAGTCAAGCG-1",24
"L33.ATCCGAACATCGGAAG-1",24
"L33.ATCCACCCAACACCTA-1",24
"L33.ATCCACCAGGTCATCT-1",24
"L33.ATCATGGGTTGTACAC-1",24
"L33.ATCATGGGTTATGTGC-1",24
"L33.ATCATGGCACGCATCG-1",24
"L33.ATCATCTGTTACCGAT-1",24
"L33.ATCACGAAGGATTCGG-1",24
"L33.ATAAGAGAGTTGCAGG-1",24
"L33.AGTGTCATCGCTTGTC-1",24
"L33.AGTGTCAGTCTGATTG-1",24
"L33.AGTGTCAGTATATGAG-1",24
"L33.AGTAGTCAGACGCAAC-1",24
"L33.AGGTCCGTCTGTTGAG-1",24
"L33.AGGGTGAGTGCAGACA-1",24
"L33.AGGGAGTTCTGAGTGT-1",24
"L33.AGCTTGAAGTAGCCGA-1",24
"L33.AGCTCCTTCAACGCTA-1",24
"L33.AGCTCCTGTACATGTC-1",24
"L33.AGCTCCTAGCTCCTTC-1",24
"L33.AGCGTATCAGCCTATA-1",24
"L33.AGCGGTCTCTTCTGGC-1",24
"L33.AGCAGCCTCCTGCTTG-1",24
"L33.AGCAGCCCACACCGCA-1",24
"L33.AGATCTGTCGAATGCT-1",24
"L33.AGAGCTTCATCTATGG-1",24
"L33.AGAGCTTAGCGATCCC-1",24
"L33.AGAATAGTCAATAAGG-1",24
"L33.ACTTACTAGTTACGGG-1",24
"L33.ACTGTCCGTTATCGGT-1",24
"L33.ACTGCTCTCAGGATCT-1",24
"L33.ACTGCTCCATGCCCGA-1",24
"L33.ACTGAGTTCCGCATAA-1",24
"L33.ACTGAACGTCTCTCTG-1",24
"L33.ACGGGCTGTCTAAAGA-1",24
"L33.ACGGCCATCTCCCTGA-1",24
"L33.ACGGCCAAGACTGTAA-1",24
"L33.ACGGAGATCTATCCCG-1",24
"L33.ACGCCGATCATTTGGG-1",24
"L33.ACGCCGAGTATGAAAC-1",24
"L33.ACGCCGAGTACAGACG-1",24
"L33.ACGCCGAAGGACACCA-1",24
"L33.ACGATGTTCCGATATG-1",24
"L33.ACGATGTTCCAAGCCG-1",24
"L33.ACGATGTGTGCAGACA-1",24
"L33.ACGATGTAGGTTACCT-1",24
"L33.ACGATGTAGGCTCAGA-1",24
"L33.ACGATGTAGATGGCGT-1",24
"L33.ACGATACGTTACCGAT-1",24
"L33.ACGAGCCTCTCGCATC-1",24
"L33.ACGAGCCTCTCCTATA-1",24
"L33.ACGAGCCAGCCTCGTG-1",24
"L33.ACCAGTATCGAATCCA-1",24
"L33.ACCAGTAGTTGATTCG-1",24
"L33.ACATACGTCCTTTCGG-1",24
"L33.ACAGCCGGTATCACCA-1",24
"L33.ACACTGATCTGGGCCA-1",24
"L33.ACACTGATCCATGCTC-1",24
"L33.ACACTGAGTTTGGGCC-1",24
"L33.ACACTGACAATGAAAC-1",24
"L33.ACACCGGTCTCGGACG-1",24
"L33.ACACCCTTCCGTTGTC-1",24
"L33.AATCGGTTCTAGCACA-1",24
"L33.AATCGGTTCCACGTGG-1",24
"L33.AAGTCTGAGGCATGGT-1",24
"L33.AAGGCAGGTCAGCTAT-1",24
"L33.AAGGCAGAGTGCTGCC-1",24
"L33.AAGACCTCACGACTCG-1",24
"L33.AAGACCTCAAGGACTG-1",24
"L33.AACTTTCGTATTACCG-1",24
"L33.AACTGGTCATCGACGC-1",24
"L33.AACTCTTCAGCCAGAA-1",24
"L33.AACTCCCTCTCGGACG-1",24
"L33.AACTCAGCAATCCGAT-1",24
"L33.AACGTTGTCTTCGAGA-1",24
"L33.AACCATGCATAGGATA-1",24
"L33.AAATGCCGTCTGATCA-1",24
"L33.AAAGCAATCTACGAGT-1",24
"L33.AAACCTGAGAATGTGT-1",26
"L33.TCATTTGGTAGTACCT-1",26
"L33.CACCTTGAGTCGAGTG-1",26
"L33.TTTACTGCAGATCCAT-1",25
"L33.TTAGGCAGTTTGTTGG-1",25
"L33.GTTTCTATCGGATGTT-1",25
"L33.GCACATAGTAAGAGAG-1",25
"L33.CTCGGAGGTAGCCTCG-1",25
"L33.CCTCTGAAGACTAAGT-1",25
"L33.ACAGCCGGTTCTGAAC-1",25
"L33.TCTATTGTCGTCCGTT-1",24
"L33.GCGACCAAGAACTCGG-1",24
"L33.CCACCTATCGCCAGCA-1",24
"L33.ACTATCTAGAAACCGC-1",24
"L33.ACCAGTACACATGGGA-1",24
"L33.GGCGTGTTCGTAGATC-1",23
"L33.AACACGTAGGCATGTG-1",24
"L33.GCGCAACGTGCAGGTA-1",24
"L33.ATTGGTGAGTGAAGAG-1",24
"L33.CCTAGCTCACGAAAGC-1",23
"L33.CAAGAAATCATGGTCA-1",24
"L33.CAACTAGGTCCCTACT-1",24
"L33.CCTTACGTCCAGATCA-1",26
"L33.CACACAAGTACAGCAG-1",25
"L33.CAGATCAGTTAAGACA-1",24
"L33.CTCGAAAAGTCCATAC-1",24
"L33.ATCATGGTCCGTCAAA-1",24
"L33.ACCCACTAGATGTGTA-1",24
"L33.TGAGCCGCAGACAAGC-1",22
"L33.CATTCGCGTCTTGATG-1",22
"L33.GTTCGGGAGAGTGAGA-1",24
"L33.TGAGGGAAGGGTTCCC-1",23
"L33.ATAGACCCAATAAGCA-1",23
"L33.GGATGTTGTCGCTTTC-1",24
"L33.TGACGGCAGTATCGAA-1",23
"L33.TAGGCATTCCACGACG-1",23
"L33.CAACCTCTCTCACATT-1",26
"L33.GCATGTAGTACGAAAT-1",25
"L33.CTGCGGAAGTCTCAAC-1",25
"L33.TTAACTCGTAGCGCAA-1",24
"L33.TCTATTGGTCTAGCGC-1",26
"L33.CATCGGGAGCCTTGAT-1",26
"L33.TCAGCTCCAGCATACT-1",25
"L33.TACCTATGTGCATCTA-1",25
"L33.GGCAATTCACATCTTT-1",25
"L33.CGTAGGCAGTTAAGTG-1",25
"L33.CGCTTCACATGTAAGA-1",25
"L33.CCATTCGGTTGAACTC-1",25
"L33.ATCTGCCGTCACTGGC-1",25
"L33.AGCTCCTCACTTACGA-1",25
"L33.AAGCCGCCAGAGCCAA-1",25
"L33.TTTACTGTCAGTACGT-1",28
"L33.TTTACTGTCGTCGTTC-1",27
"L33.TTCTCCTAGTCAATAG-1",27
"L33.TGTGGTAAGCACAGGT-1",27
"L33.TGGTTCCAGCTGCAAG-1",27
"L33.TGGGAAGGTGGTAACG-1",27
"L33.TGCGTGGCAATTGCTG-1",27
"L33.TCTGGAAGTCAGCTAT-1",27
"L33.TCTATTGTCGGAAACG-1",27
"L33.TCTATTGTCGCATGGC-1",27
"L33.TCGTACCCAAAGGAAG-1",27
"L33.TCCCGATCAAACTGCT-1",27
"L33.TCATTACGTGTGAAAT-1",27
"L33.TAGTGGTTCACAACGT-1",27
"L33.TACTTACTCTCTAAGG-1",27
"L33.TACTCATCACGCCAGT-1",27
"L33.TACGGATGTAGGCTGA-1",27
"L33.GTTCGGGTCTGATTCT-1",27
"L33.GTGCGGTAGCTGATAA-1",27
"L33.GTACTCCAGCGAAGGG-1",27
"L33.GGTGAAGAGTCCCACG-1",27
"L33.GGGACCTCAGTCTTCC-1",27
"L33.GCTTCCACATCGACGC-1",27
"L33.GCGCGATAGAACTCGG-1",27
"L33.GCATGCGTCTCGGACG-1",27
"L33.GCATGCGAGGCTATCT-1",27
"L33.GCATACATCGACCAGC-1",27
"L33.GCATACAAGTAGCCGA-1",27
"L33.GCACATACAAGCGCTC-1",27
"L33.GATGCTACAATAGCAA-1",27
"L33.GATCGCGAGCGTAATA-1",27
"L33.CTGCCTACACGAAGCA-1",27
"L33.CTCGTACCAAGGGTCA-1",27
"L33.CTACGTCCATTACCTT-1",27
"L33.CGTTAGAAGTGATCGG-1",27
"L33.CGACTTCCAAGCGATG-1",27
"L33.CCTCTGAGTGCTCTTC-1",27
"L33.CCTATTAAGCAGGCTA-1",27
"L33.CCTAGCTTCGGCGCAT-1",27
"L33.CCTAGCTCAATGGACG-1",27
"L33.CCGTTCATCTTGCATT-1",27
"L33.CCCTCCTTCTGAGTGT-1",27
"L33.CATATGGAGGTAGCTG-1",27
"L33.CAGCCGACACTAAGTC-1",27
"L33.CACAGGCGTTACGTCA-1",27
"L33.ATGGGAGAGCCGCCTA-1",27
"L33.ATCTGCCGTACCGAGA-1",27
"L33.AGTAGTCTCTTCGAGA-1",27
"L33.ACGCCAGTCACAGTAC-1",27
"L33.ACATGGTAGTTCCACA-1",27
"L33.AACTCTTGTCAAGCGA-1",27
"L33.GCATACAAGGCGTACA-1",26
"L33.GTGTGCGAGCCACGCT-1",26
"L33.TACTTACGTGCACCAC-1",26
"L33.CCGTACTCAGCCTGTG-1",26
"L33.CACTCCAAGAGTTGGC-1",26
"L33.CAGAGAGCATGCGCAC-1",25
"L33.GGATTACTCTCGCATC-1",26
"L33.GGAACTTTCTGTGCAA-1",25
"L33.CATTATCCAGTGAGTG-1",14
"L33.TTGGCAAAGCCCTAAT-1",15
"L33.CTGATAGAGACACGAC-1",14
"L33.TGCCAAAAGCTGCGAA-1",15
"L33.GACAGAGTCAGGCCCA-1",15
"L33.CCACGGATCAGAAATG-1",14
"L33.AGATCTGGTCGAGTTT-1",16
"L33.CCACGGAGTAATTGGA-1",17
"L33.GTTCATTAGATGTGGC-1",17
"L33.CAGCCGAAGCAGCCTC-1",14
"L33.GCCTCTACACGGTAGA-1",17
"L33.CACAAACCAAATCCGT-1",16
"L33.TGGCGCAGTTGTTTGG-1",18
"L33.CCCAGTTTCACAGTAC-1",18
"L33.GTCTCGTGTTGTTTGG-1",18
"L33.ACTGCTCCATGCCACG-1",15
"L33.CGTTAGATCATTGCGA-1",18
"L33.GGACGTCGTGCACTTA-1",18
"L33.ATGTGTGAGTCAAGCG-1",17
"L33.ATAACGCCATGCAACT-1",15
"L33.GTCGGGTCAAGTTGTC-1",18
"L33.GCATGTATCGGTCTAA-1",18
"L33.TGCGTGGAGACGCAAC-1",18
"L33.GTCAAGTAGACTGTAA-1",18
"L33.CGCTTCAGTCAAAGCG-1",18
"L33.AAGTCTGGTGTTTGTG-1",16
"L33.GAGGTGAAGAGAGCTC-1",17
"L33.TGGCTGGGTAAATACG-1",18
"L33.CGATGTACAAGCGATG-1",18
"L33.CCCAATCAGAGTCTGG-1",19
"L33.CCAATCCAGCTTATCG-1",19
"L33.TACTTGTCAAGCGCTC-1",21
"L33.TCAGATGTCCGAGCCA-1",20
"L33.CTGAAGTAGGTCGGAT-1",19
"L33.CATATTCTCGGGAGTA-1",20
"L33.TTGACTTGTTCGGCAC-1",20
"L33.TACGGTAAGTCAAGCG-1",20
"L33.GATCAGTAGTGAAGAG-1",21
"L33.TCGCGTTTCCACGCAG-1",22
"L33.GACGGCTTCGCTGATA-1",22
"L33.CAGAGAGTCTGCGACG-1",21
"L33.GATCAGTCAATAACGA-1",21
"L33.ACGCCGACAGACGCAA-1",21
"L33.GTCACAAAGGACCACA-1",21
"L33.TCAATCTCAGGCGATA-1",19
"L33.CATGACAGTATCACCA-1",12
"L33.CCTAGCTAGCGTCTAT-1",13
"L33.GGACATTCATTGGGCC-1",16
"L33.TTTCCTCGTGCACCAC-1",17
"L33.GTTACAGGTCTAAACC-1",17
"L33.TTCCCAGAGAAACGAG-1",17
"L33.TCGCGAGCATGAGCGA-1",16
"L33.GGCGTGTGTCCTCCAT-1",17
"L33.ATCGAGTCACTCAGGC-1",15
"L33.CAACCTCTCAGGTTCA-1",14
"L33.ACTGAGTAGTGGCACA-1",13
"L33.CGATGGCGTGGAAAGA-1",17
"L33.AAAGTAGTCCAAAGTC-1",17
"L33.TAGACCATCGGCGGTT-1",18
"L33.TATCAGGAGAGTGACC-1",19
"L33.CTGAAACAGCGATCCC-1",19
"L33.TGGCTGGAGGGTTTCT-1",19
"L33.CACCACTTCAGTCCCT-1",19
"L33.GACCTGGGTGCTCTTC-1",18
"L33.CCTCAGTCACCGCTAG-1",18
"L33.GCATACATCTAGAGTC-1",19
"L33.CACAAACGTTAAAGAC-1",18
"L33.TAGTTGGCAGTATCTG-1",18
"L33.AGTAGTCAGTACTTGC-1",17
"L33.CCTCTGAGTTCATGGT-1",21
"L33.CTACACCCATACCATG-1",20
"L33.CTACGTCCATCTATGG-1",21
"L33.CGCTATCGTGTGACCC-1",20
"L33.GGATTACTCAACGCTA-1",20
"L33.GAATGAAGTGTATGGG-1",20
"L33.TGACAACTCTCTGTCG-1",21
"L33.ACTTGTTGTCAACTGT-1",21
"L33.AACCATGAGTACATGA-1",19
"L33.CTGCTGTCAATCAGAA-1",26
"L33.CAACCAATCGGGAGTA-1",25
"L33.ATGTGTGCAGGCTCAC-1",26
"L33.TCGCGTTGTTGTGGCC-1",27
"L33.ACTTACTGTGTCCTCT-1",27
"L33.CATCAAGTCGCGCCAA-1",27
"L33.TAAGAGAAGCGATAGC-1",29
"L33.CACCACTAGAAACCGC-1",28
"L33.TTTATGCCAGAGCCAA-1",27
"L33.ACACCGGTCTGGTGTA-1",27
"L33.TTGGCAAGTCCGTTAA-1",27
"L33.TGCGGGTGTGGCCCTA-1",27
"L33.TGAGAGGAGGCCATAG-1",27
"L33.TGACGGCCATCCTTGC-1",27
"L33.TCACAAGAGAATAGGG-1",27
"L33.TATTACCAGCAATCTC-1",27
"L33.TACTCGCTCCATGAAC-1",27
"L33.GTCTCGTTCGGTTAAC-1",27
"L33.GTCTCGTAGTACTTGC-1",27
"L33.GTCACAAGTTGTACAC-1",27
"L33.GAACCTATCAACCAAC-1",27
"L33.GAAATGAAGCACCGTC-1",27
"L33.CTTAACTTCTCCGGTT-1",27
"L33.CTGATAGTCTCGCTTG-1",27
"L33.CTCATTATCGGCGCAT-1",27
"L33.CCTTCGATCTTATCTG-1",27
"L33.CATTATCTCCGTTGCT-1",27
"L33.CATGACACATGCAACT-1",27
"L33.CAACTAGAGTGAATTG-1",27
"L33.AGCTTGAAGGCAATTA-1",27
"L33.ACTTGTTAGTTACCCA-1",27
"L33.ACCTTTACAGGCTGAA-1",27
"L33.ACCAGTATCGCCTGAG-1",27
"L33.ACACCGGAGGTGATAT-1",27
"L33.AAGTCTGAGTACCGGA-1",27
"L33.AAAGTAGTCGGTGTTA-1",27
"L33.TTAGTTCCATCACGAT-1",28
"L33.GGACAGAAGAGACGAA-1",28
"L33.TTTGTCATCTGCTGCT-1",26
"L33.TTTGGTTCAAGAGTCG-1",26
"L33.TTTGGTTAGGCTACGA-1",26
"L33.TTTGCGCCATGCAATC-1",26
"L33.TTTGCGCAGCCTCGTG-1",26
"L33.TTTCCTCCATTACGAC-1",26
"L33.TTTATGCCAGGGTTAG-1",26
"L33.TTGGCAATCGTACGGC-1",26
"L33.TTGGAACCATGCATGT-1",26
"L33.TTGCGTCGTACCTACA-1",26
"L33.TTGCCGTGTGTATGGG-1",26
"L33.TTCTCCTAGATTACCC-1",26
"L33.TTCTCCTAGAATGTGT-1",26
"L33.TTCTCAACAGATAATG-1",26
"L33.TTATGCTAGCAGCCTC-1",26
"L33.TTAACTCGTACATCCA-1",26
"L33.TGTCCCATCTTGTACT-1",26
"L33.TGTCCCAGTTTGACAC-1",26
"L33.TGTCCCAGTCAAAGCG-1",26
"L33.TGGTTCCTCAGGCCCA-1",26
"L33.TGGTTCCGTCTAGGTT-1",26
"L33.TGGTTCCCAAAGTGCG-1",26
"L33.TGGTTAGAGCATCATC-1",26
"L33.TGGCTGGGTCTCTTTA-1",26
"L33.TGGCCAGCACTAGTAC-1",26
"L33.TGCGTGGCAGTATGCT-1",26
"L33.TGCGTGGAGTTTAGGA-1",26
"L33.TGCCAAAGTAAGAGAG-1",26
"L33.TGCCAAACAAGCTGTT-1",26
"L33.TGATTTCGTGTTGAGG-1",26
"L33.TGATTTCAGATGCCTT-1",26
"L33.TGAGAGGTCACCCGAG-1",26
"L33.TGAGAGGGTAAGGATT-1",26
"L33.TGACTTTAGTCTCAAC-1",26
"L33.TGAAAGATCAGAAATG-1",26
"L33.TGAAAGAGTGCGCTTG-1",26
"L33.TCTATTGCAAGCCGTC-1",26
"L33.TCTATTGAGGGATACC-1",26
"L33.TCGTACCCATTCCTCG-1",26
"L33.TCGGGACGTAGCGTCC-1",26
"L33.TCATTACCACGGCCAT-1",26
"L33.TCAGCTCCAAGAAAGG-1",26
"L33.TCAGATGCACCACCAG-1",26
"L33.TATTACCTCGCGTTTC-1",26
"L33.TATTACCGTGATAAGT-1",26
"L33.TATGCCCAGTCGTACT-1",26
"L33.TAGAGCTAGTTTAGGA-1",26
"L33.TACTTGTCATCACGTA-1",26
"L33.TACGGGCGTATGAATG-1",26
"L33.TACCTTAGTGCCTGGT-1",26
"L33.TACACGAGTCTTGCGG-1",26
"L33.TAAGTGCCAGCATACT-1",26
"L33.TAAGAGAGTGAGGCTA-1",26
"L33.GTTCATTGTGCACCAC-1",26
"L33.GTTACAGTCCTCAATT-1",26
"L33.GTGTTAGGTGTATGGG-1",26
"L33.GTGGGTCTCTTACCTA-1",26
"L33.GTGCTTCGTCTCTTTA-1",26
"L33.GTGCGGTCAATAAGCA-1",26
"L33.GTGAAGGCACGACTCG-1",26
"L33.GTCTTCGAGGAGCGTT-1",26
"L33.GTCGGGTCATACCATG-1",26
"L33.GTCACAACACATTCGA-1",26
"L33.GTCACAAAGTGTTTGC-1",26
"L33.GTATTCTGTGGCCCTA-1",26
"L33.GTAACGTCATCTCGCT-1",26
"L33.GGTGCGTAGAGCTGCA-1",26
"L33.GGGTTGCGTGAGGGAG-1",26
"L33.GGGCATCTCGTTTATC-1",26
"L33.GGGCACTAGCGTAGTG-1",26
"L33.GGGAATGTCAGTTGAC-1",26
"L33.GGCTGGTGTCCAGTAT-1",26
"L33.GGCTCGAAGAAGGCCT-1",26
"L33.GGCGTGTTCAGCATGT-1",26
"L33.GGCGACTCATCTCGCT-1",26
"L33.GGCGACTAGATTACCC-1",26
"L33.GGCAATTAGCTGTCTA-1",26
"L33.GGATGTTAGACAGACC-1",26
"L33.GGAGCAACATCACAAC-1",26
"L33.GGACATTAGCGTCAAG-1",26
"L33.GGACAGATCAAGCCTA-1",26
"L33.GCTGGGTGTACCATCA-1",26
"L33.GCTCTGTGTGCAGGTA-1",26
"L33.GCGCGATTCGGTTCGG-1",26
"L33.GCGCGATCATACGCTA-1",26
"L33.GCGCAACTCCACGAAT-1",26
"L33.GCATGTACAAGACGTG-1",26
"L33.GCATGATGTCTCTCGT-1",26
"L33.GCATGATCAATAAGCA-1",26
"L33.GCATACAGTATTAGCC-1",26
"L33.GCACTCTAGTACGATA-1",26
"L33.GCACATATCATCGCTC-1",26
"L33.GCACATACATGTCTCC-1",26
"L33.GCAATCATCAGGCGAA-1",26
"L33.GATTCAGTCTCGTATT-1",26
"L33.GATTCAGTCAGAAATG-1",26
"L33.GATGCTAAGTGAACGC-1",26
"L33.GATCTAGCAAGACACG-1",26
"L33.GAGGTGAGTTGCGCAC-1",26
"L33.GACTACACAGGTCCAC-1",26
"L33.GACTAACGTGACCAAG-1",26
"L33.GACGTGCTCATTCACT-1",26
"L33.GACGTGCGTTGTGGCC-1",26
"L33.GACCAATCATCACAAC-1",26
"L33.GACCAATAGAGGGCTT-1",26
"L33.GACACGCCACTCAGGC-1",26
"L33.GAATGAACATGCCACG-1",26
"L33.GAAACTCGTCCCTACT-1",26
"L33.CTTAGGACATCGGGTC-1",26
"L33.CTTAGGACAACTGCTA-1",26
"L33.CTTACCGTCTGAGTGT-1",26
"L33.CTTACCGGTATGCTTG-1",26
"L33.CTTACCGAGATCCGAG-1",26
"L33.CTGTTTAGTCCTCTTG-1",26
"L33.CTGCCTACATAAGACA-1",26
"L33.CTGATAGGTACGCACC-1",26
"L33.CTCGTCATCGGTGTCG-1",26
"L33.CTCGTCAGTACCGTTA-1",26
"L33.CTCGTACAGCTACCTA-1",26
"L33.CTCGGGATCTGTCAAG-1",26
"L33.CTCGGGAGTAGCGTCC-1",26
"L33.CTCGGAGGTCTCATCC-1",26
"L33.CTCCTAGAGGCGTACA-1",26
"L33.CTCACACCAGCGTTCG-1",26
"L33.CTAGTGAGTCTCCATC-1",26
"L33.CTAGCCTCAACGATGG-1",26
"L33.CTAGCCTAGATCCCAT-1",26
"L33.CTAGAGTCAGTCGTGC-1",26
"L33.CTACGTCAGCATCATC-1",26
"L33.CTACATTAGGACATTA-1",26
"L33.CTAACTTAGTTAAGTG-1",26
"L33.CGTTGGGTCGCGGATC-1",26
"L33.CGTGTCTGTTCACGGC-1",26
"L33.CGTGTCTCAGTTCCCT-1",26
"L33.CGTGTCTAGCTGCAAG-1",26
"L33.CGTGAGCAGAAACCGC-1",26
"L33.CGTCCATCAGTAACGG-1",26
"L33.CGTCACTGTCTTGTCC-1",26
"L33.CGTAGCGTCGGCGCTA-1",26
"L33.CGGAGTCCATGCCTAA-1",26
"L33.CGGACGTGTTCAGACT-1",26
"L33.CGCTGGACACCAGCAC-1",26
"L33.CGCTGGAAGTTTAGGA-1",26
"L33.CGCTATCAGAAGGTGA-1",26
"L33.CGATCGGGTTTGCATG-1",26
"L33.CGAGAAGCAATGACCT-1",26
"L33.CGACTTCAGCTATGCT-1",26
"L33.CCTTCCCAGATGTAAC-1",26
"L33.CCTCAGTTCGTAGGAG-1",26
"L33.CCTCAGTGTTAGAACA-1",26
"L33.CCTACCATCTCAACTT-1",26
"L33.CCTAAAGGTCTGATCA-1",26
"L33.CCGTGGATCACCCGAG-1",26
"L33.CCCTCCTTCCTGTAGA-1",26
"L33.CCCTCCTCACCTCGTT-1",26
"L33.CCCATACTCGAATGGG-1",26
"L33.CCATTCGGTCCAAGTT-1",26
"L33.CCATGTCGTAGAGGAA-1",26
"L33.CCAATCCCAATCACAC-1",26
"L33.CATGCCTTCAGTGCAT-1",26
"L33.CATGACATCGTTTGCC-1",26
"L33.CATCGAAAGCGTGTCC-1",26
"L33.CATATTCTCAGCCTAA-1",26
"L33.CATATTCGTTTGTGTG-1",26
"L33.CAGTAACCAGTCGATT-1",26
"L33.CAGCTAAGTTCACCTC-1",26
"L33.CAGCAGCAGAAGATTC-1",26
"L33.CAGATCACAAGGACTG-1",26
"L33.CACCTTGAGTAGGTGC-1",26
"L33.CACATTTCAAGCGAGT-1",26
"L33.CACACTCAGCCAGGAT-1",26
"L33.CAAGTTGGTTCGTTGA-1",26
"L33.CAAGAAACAACACGCC-1",26
"L33.ATTTCTGTCCAAGCCG-1",26
"L33.ATGAGGGCAGAGCCAA-1",26
"L33.ATCTGCCCACCACCAG-1",26
"L33.ATCTACTCACACTGCG-1",26
"L33.ATCCGAATCGGAAATA-1",26
"L33.ATCATGGCAAGCCATT-1",26
"L33.ATCATCTTCTCGATGA-1",26
"L33.ATAAGAGCAGCTCGCA-1",26
"L33.ATAACGCCAGTGACAG-1",26
"L33.AGTTGGTCAATTGCTG-1",26
"L33.AGTGAGGCATCGATTG-1",26
"L33.AGGCCGTTCGGAAACG-1",26
"L33.AGGCCACTCTTAACCT-1",26
"L33.AGCTCCTGTGCAACGA-1",26
"L33.AGCGGTCTCTAACTTC-1",26
"L33.AGCCTAACACGCATCG-1",26
"L33.AGCAGCCCATAAAGGT-1",26
"L33.AGATCTGGTCGACTGC-1",26
"L33.AGACGTTCAATACGCT-1",26
"L33.ACTTTCACAACCGCCA-1",26
"L33.ACTTGTTGTTGATTCG-1",26
"L33.ACTGTCCCATCACCCT-1",26
"L33.ACTGATGCAATGCCAT-1",26
"L33.ACTGAGTTCAACACAC-1",26
"L33.ACTGAGTAGTTAGCGG-1",26
"L33.ACTGAGTAGGCTACGA-1",26
"L33.ACTATCTAGTCACGCC-1",26
"L33.ACGGGCTTCAGTTTGG-1",26
"L33.ACGCCAGGTCAGCTAT-1",26
"L33.ACGCAGCCAAGCCGCT-1",26
"L33.ACGATGTGTTGTGGCC-1",26
"L33.ACGATGTAGCTGATAA-1",26
"L33.ACCCACTGTCGCTTTC-1",26
"L33.ACCAGTATCTATCGCC-1",26
"L33.ACAGCTAAGAGAGCTC-1",26
"L33.ACACTGATCACATGCA-1",26
"L33.ACACTGAAGCTGAAAT-1",26
"L33.AAGGCAGTCTGCTTGC-1",26
"L33.AAGACCTTCAACGCTA-1",26
"L33.AACTCAGTCCCGACTT-1",26
"L33.AACTCAGGTAGAGTGC-1",26
"L33.AACGTTGCAAAGTCAA-1",26
"L33.AACCGCGTCTAACTTC-1",26
"L33.AACCATGAGAGCTGGT-1",26
"L33.AAAGATGGTACATCCA-1",26
"L33.CCTCAGTAGTGAATTG-1",26
"L33.GCGCGATTCACTTACT-1",27
"L33.TGTCCCAAGCAAATCA-1",27
"L33.TGGCCAGCACTAAGTC-1",27
"L33.GCTGCGAAGGAATGGA-1",27
"L33.GACGTTATCCGCGGTA-1",27
"L33.TACTTACTCCTGCAGG-1",26
"L33.TACTCGCCACCACCAG-1",27
"L33.TGCCAAAGTAGCGCTC-1",27
"L33.TATCTCACAGTTCCCT-1",27
"L33.AGATCTGAGGCGACAT-1",27
"L33.TGCGTGGCAATGAAAC-1",26
"L33.TGCCAAAAGACAAGCC-1",26
"L33.GGCTCGAGTCTTGATG-1",26
"L33.CTCGAAAAGGCTATCT-1",26
"L33.CGCTGGATCAGTTGAC-1",26
"L33.CCTCTGAAGACCTAGG-1",26
"L33.CACACTCAGACACTAA-1",26
"L33.AGGTCATAGGCTACGA-1",26
"L33.AACTTTCTCTAACCGA-1",26
"L33.TCTCATATCAGCGATT-1",27
"L33.CTCGTACCAAATTGCC-1",26
"L33.ACAGCCGCACATCCGG-1",27
"L33.AGGCCACAGGCTACGA-1",26
"L33.GGCAATTTCTTTAGGG-1",26
"L33.CTCTAATTCTGTGCAA-1",27
"L33.CAGAGAGCACGGTTTA-1",27
"L33.TACACGACAGGATTGG-1",27
"L33.TACACGAAGATCGATA-1",27
"L33.GGCTGGTTCCAACCAA-1",27
"L33.CTGAAGTTCTGCTGTC-1",27
"L33.CTCATTATCCTAAGTG-1",27
"L33.CAGCGACGTCTAGTCA-1",27
"L33.AGGCCGTAGATATGGT-1",27
"L33.AGCATACCACTTCTGC-1",27
"L33.ACACTGACACGAAACG-1",27
"L33.TTTATGCTCTTCAACT-1",26
"L33.TTGCGTCAGGACAGAA-1",26
"L33.TGACAACCACCAACCG-1",26
"L33.TCTTCGGAGGAGTTGC-1",26
"L33.TCACGAACACCACCAG-1",26
"L33.TCAACGACATCCTAGA-1",26
"L33.TATCAGGAGTAACCCT-1",26
"L33.TAGGCATAGGCTCAGA-1",26
"L33.TAGGCATAGATATACG-1",26
"L33.TACTCATCACATGTGT-1",26
"L33.TACGGGCCACCTGGTG-1",26
"L33.GTATTCTTCTTAGAGC-1",26
"L33.GTATTCTAGGTGCAAC-1",26
"L33.GTACGTATCCTGCCAT-1",26
"L33.GGTGTTAGTGCTAGCC-1",26
"L33.GGAGCAACATACGCTA-1",26
"L33.GCTCTGTAGGGTCGAT-1",26
"L33.GCACATAGTCTGCGGT-1",26
"L33.GATGAGGTCGATAGAA-1",26
"L33.GAGCAGAAGCCCAACC-1",26
"L33.CTTTGCGTCATCACCC-1",26
"L33.CTTTGCGGTGAGTGAC-1",26
"L33.CTCGTCAAGCTAAACA-1",26
"L33.CTCGTACGTCGAGATG-1",26
"L33.CTCGGGATCACGACTA-1",26
"L33.CTAGCCTTCGGAATCT-1",26
"L33.CGTTCTGCAGTTAACC-1",26
"L33.CGTTAGAGTCCGTCAG-1",26
"L33.CGTCAGGTCAGCAACT-1",26
"L33.CGTAGGCGTACGACCC-1",26
"L33.CGGCTAGTCACGGTTA-1",26
"L33.CGGAGCTTCGGCGCAT-1",26
"L33.CGATGGCTCCGTTGTC-1",26
"L33.CGAATGTCATTAGGCT-1",26
"L33.CCTTACGTCCATTCTA-1",26
"L33.CATCAAGGTCGCGAAA-1",26
"L33.CAAGAAACATTTGCCC-1",26
"L33.ATCATGGAGAGCTGGT-1",26
"L33.AGCTCTCAGCGATGAC-1",26
"L33.AGAATAGGTAGTACCT-1",26
"L33.ACTGTCCCAGACAAAT-1",26
"L33.ACCTTTATCGCCCTTA-1",26
"L33.ACACCGGTCGTTACAG-1",26
"L33.AAGTCTGTCAGTTTGG-1",26
"L33.AACTTTCAGAGGTACC-1",26
"L33.AAATGCCGTCATACTG-1",26
"L33.TTTGTCAGTTCTCATT-1",26
"L33.TTTCCTCCACTAAGTC-1",27
"L33.TGTCCCATCTGTTTGT-1",27
"L33.TGAGGGATCCTAGGGC-1",27
"L33.TGAGCCGAGGCCCTTG-1",26
"L33.CGTAGCGTCTGTCCGT-1",26
"L33.GCGCGATAGTGCCATT-1",27
"L33.TCTATTGTCGAACGGA-1",26
"L33.CGATTGAAGATCCGAG-1",26
"L33.CTCGAGGTCTCAAGTG-1",26
"L33.TGACTAGGTCAGAATA-1",27
"L33.TGCTACCAGAGGTTAT-1",26
"L33.TCAGCAAAGTTTGCGT-1",26
"L33.TAGAGCTTCATCTGTT-1",26
"L33.GTCCTCAGTCTTGTCC-1",26
"L33.GCAGTTACAGCTGCAC-1",26
"L33.GACCAATTCACAAACC-1",26
"L33.AGCTTGAGTTCGTTGA-1",26
"L33.TGACTAGAGTGACTCT-1",26
"L33.TCGGTAACAAAGTCAA-1",26
"L33.TACCTTAAGTGGGATC-1",26
"L33.GGCCGATAGCGTCTAT-1",26
"L33.AAGTCTGGTTAAGGGC-1",26
"L33.AACTCCCCACTAAGTC-1",26
"L33.TTTCCTCTCCTGCCAT-1",25
"L33.TTTATGCGTTGTCTTT-1",25
"L33.TTCTACATCCTCGCAT-1",25
"L33.TGGTTAGTCAGTACGT-1",25
"L33.TGGCTGGAGATCCTGT-1",25
"L33.TGGCCAGAGTGTCTCA-1",25
"L33.TGCCAAACAGCATGAG-1",25
"L33.TGACTAGGTAAATGTG-1",25
"L33.TCAGGTATCACTCCTG-1",25
"L33.TCAGGATGTTCGCGAC-1",25
"L33.TCAGCAAGTGTGGTTT-1",25
"L33.TATTACCCAGACGTAG-1",25
"L33.TACCTATCAGACGCCT-1",25
"L33.TAAGCGTGTACAGCAG-1",25
"L33.GTTCTCGTCTTCCTTC-1",25
"L33.GTGTTAGAGACCACGA-1",25
"L33.GTGCGGTGTCCGAGTC-1",25
"L33.GGCGTGTTCCGCGCAA-1",25
"L33.GGATTACGTCGAAAGC-1",25
"L33.GGAAAGCTCACATACG-1",25
"L33.GCTTGAAAGGATCGCA-1",25
"L33.GCGCGATCACTGAAGG-1",25
"L33.GCGCAGTTCGACGGAA-1",25
"L33.GCGCAACAGGTGGGTT-1",25
"L33.GCGACCAAGACATAAC-1",25
"L33.GCCTCTATCATTCACT-1",25
"L33.GATTCAGGTTGTACAC-1",25
"L33.GAGTCCGTCGCCAGCA-1",25
"L33.GAGCAGAGTCCAACTA-1",25
"L33.CTTACCGCAGTGACAG-1",25
"L33.CTTAACTAGTTACGGG-1",25
"L33.CTGTTTATCAAGAAGT-1",25
"L33.CTGTTTACACAACGTT-1",25
"L33.CTGGTCTAGGAGTACC-1",25
"L33.CTGATAGTCATCATTC-1",25
"L33.CTCAGAAAGTCTCAAC-1",25
"L33.CTCACACAGATGTAAC-1",25
"L33.CTACCCACACCCATGG-1",25
"L33.CGTGTAATCTCAAGTG-1",25
"L33.CGTGAGCCAGGTCCAC-1",25
"L33.CGTAGGCAGGAATCGC-1",25
"L33.CGATGGCAGAGGTAGA-1",25
"L33.CGATCGGGTTGGTAAA-1",25
"L33.CCTTCCCGTTTCGCTC-1",25
"L33.CCTACCACACTAAGTC-1",25
"L33.CCGTTCAGTGCAGACA-1",25
"L33.CCGGGATTCGGACAAG-1",25
"L33.CATTATCCAAGTAATG-1",25
"L33.CATGCCTAGAAACCTA-1",25
"L33.CATCGGGGTCTAGGTT-1",25
"L33.CATCGGGGTACCGAGA-1",25
"L33.CATCCACGTATAGGTA-1",25
"L33.CATCAGATCTGGTGTA-1",25
"L33.CAGCCGAGTTACCAGT-1",25
"L33.CAGCATAGTTGGACCC-1",25
"L33.CAACTAGCACTGTGTA-1",25
"L33.ATTATCCAGTAGTGCG-1",25
"L33.ATGAGGGTCCTTGCCA-1",25
"L33.AGTTGGTCACTTCGAA-1",25
"L33.AGTCTTTCATCAGTAC-1",25
"L33.AGCATACTCATGCAAC-1",25
"L33.AGCATACAGGCTAGAC-1",25
"L33.ACGGCCAGTGTGAAAT-1",25
"L33.ACATACGCAAATCCGT-1",25
"L33.ACTTGTTGTTATCCGA-1",26
"L33.CAAGATCAGTCTCGGC-1",26
"L33.TACTCATCAATAACGA-1",28
"L33.GATGAAAAGCGCCTCA-1",25
"L33.AACCATGGTCCCTACT-1",25
"L33.AGAATAGAGGCACATG-1",25
"L33.GCTTCCACATATGCTG-1",26
"L33.GTTCATTTCGAATCCA-1",25
"L33.TACTCATGTCGGCTCA-1",26
"L33.CGTGTCTTCGTATCAG-1",27
"L33.ATCCACCCAACACGCC-1",27
"L33.ACATACGCAAAGGTGC-1",26
"L33.GCTGCAGGTGTTCGAT-1",25
"L33.AAGGTTCGTCAGAGGT-1",25
"L33.TACTCGCTCGCGATCG-1",25
"L33.GCGGGTTGTATTACCG-1",23
"L33.CAAGAAAAGGGTCTCC-1",21
"L33.TGGCCAGCATTTGCCC-1",22
"L33.GACTACAAGAAACGCC-1",23
"L33.CCATTCGGTCATTAGC-1",25
"L33.CGCTTCAAGACCCACC-1",25
"L33.CATCGGGTCCCGACTT-1",25
"L33.AGAGCGACATGGTCTA-1",25
"L33.AAAGATGGTTACTGAC-1",25
"L33.TGGCTGGAGGATGTAT-1",24
"L33.TGGCGCAAGTTTCCTT-1",24
"L33.TGGCCAGGTCTCAACA-1",24
"L33.TGGACGCAGTAGGTGC-1",24
"L33.TGCCCTATCGTGGGAA-1",24
"L33.TCAGGATCAATGGAAT-1",24
"L33.TCAGATGCATTATCTC-1",24
"L33.TCACGAAGTTGTTTGG-1",24
"L33.TCAACGACACTGAAGG-1",24
"L33.TATGCCCCAATCTACG-1",24
"L33.TAGTTGGCAATAGCGG-1",24
"L33.TACTTACAGGAATTAC-1",24
"L33.TAAGAGATCTTCGAGA-1",24
"L33.GTTCATTGTCCTAGCG-1",24
"L33.GTCGTAAGTGGGTATG-1",24
"L33.GTCAAGTTCATAAAGG-1",24
"L33.GTAACGTTCGGTTAAC-1",24
"L33.GGAGCAACAAGAGGCT-1",24
"L33.GGACGTCCACCGGAAA-1",24
"L33.GCTGCGAAGAAACCAT-1",24
"L33.GAATAAGTCTGTCTCG-1",24
"L33.GAATAAGAGAGGGATA-1",24
"L33.CTGCGGAAGATGCCTT-1",24
"L33.CTGAAGTTCGATCCCT-1",24
"L33.CTGAAGTTCACTTATC-1",24
"L33.CTGAAACCATCGTCGG-1",24
"L33.CTCGGAGAGATGTCGG-1",24
"L33.CTCGAAATCTCTGCTG-1",24
"L33.CGTGAGCTCACCTCGT-1",24
"L33.CGTCAGGGTGCTTCTC-1",24
"L33.CGGAGCTGTCACTGGC-1",24
"L33.CGGACTGTCAACACCA-1",24
"L33.CGATCGGTCACTTCAT-1",24
"L33.CCTCAGTCAACACGCC-1",24
"L33.CCCATACTCTGCTTGC-1",24
"L33.CCATGTCAGCGTCTAT-1",24
"L33.CACCACTTCGACGGAA-1",24
"L33.CACAGTATCACAGGCC-1",24
"L33.CAAGGCCGTCGCATAT-1",24
"L33.CAACCTCCATGGTCAT-1",24
"L33.AGGGTGATCACTTACT-1",24
"L33.AGGGAGTTCCGAATGT-1",24
"L33.AGGCCACAGCCACGCT-1",24
"L33.AGAGTGGTCAACACCA-1",24
"L33.AGAGCTTTCTGAAAGA-1",24
"L33.ACTTACTTCATGTCTT-1",24
"L33.ACGGGTCGTAAAGTCA-1",24
"L33.ACGCCGACACCAGGCT-1",24
"L33.ACGATGTCAACGATCT-1",24
"L33.ACGAGGAAGTTAACGA-1",24
"L33.ACGAGCCTCACCGTAA-1",24
"L33.CTCTAATAGCCTTGAT-1",24
"L33.AGAGTGGTCTGTGCAA-1",24
"L33.AGAGTGGAGCCACCTG-1",24
"L33.ACACCGGGTGTCAATC-1",23
"L33.GGGAGATAGGGTCTCC-1",25
"L33.CTGCCTACAGATAATG-1",25
"L33.AACTCTTAGAATGTGT-1",25
"L33.TTCTCAATCTCGCTTG-1",24
"L33.GTAACTGTCAAAGTAG-1",24
"L33.GGAACTTAGAAGGTGA-1",24
"L33.CTCTACGTCCATGCTC-1",24
"L33.CGTGTCTAGAGGGATA-1",24
"L33.CGTCAGGAGACAGAGA-1",24
"L33.CGGACGTCACAACGCC-1",24
"L33.CGAACATGTCACAAGG-1",24
"L33.CAGCATAGTGTAAGTA-1",24
"L33.CAGCATAAGGAGTAGA-1",24
"L33.CAGAGAGAGCTGTCTA-1",24
"L33.ATCTACTAGCGTTGCC-1",24
"L33.ATCGAGTGTTCGGGCT-1",24
"L33.GCCAAATCAATGAAAC-1",25
"L33.AACTCTTAGGATCGCA-1",25
"L33.CTCCTAGGTCGTGGCT-1",24
"L33.GACCTGGTCTGATACG-1",23
"L33.CGATTGAAGCCAGAAC-1",23
"L33.CTTTGCGGTAGTGAAT-1",23
"L33.GCGCCAACACATGGGA-1",22
"L33.GTGCTTCGTACGAAAT-1",24
"L33.TGAAAGAGTCACACGC-1",24
"L33.TCTCTAAGTTACGACT-1",23
"L33.TCAACGAAGGTCATCT-1",23
"L33.AACGTTGGTCGCGGTT-1",23
"L33.GGGACCTTCTTATCTG-1",23
"L33.GATCAGTAGTCATGCT-1",23
"L33.GAAATGAGTCCATCCT-1",23
"L33.TTTGTCAAGTATCTCG-1",22
"L33.TCTGAGAAGCTAACAA-1",22
"L33.TCGCGAGCAATGAATG-1",22
"L33.TAGTGGTCACTCGACG-1",22
"L33.GTAGGCCTCAGCATGT-1",22
"L33.GCTTGAAGTCTCGTTC-1",22
"L33.GCGACCATCCAAACTG-1",22
"L33.CTTAGGAAGACCTAGG-1",22
"L33.CTCGTCAGTCTGCGGT-1",22
"L33.CCTTCCCCAGGTCTCG-1",22
"L33.CCGTGGACATGAAGTA-1",22
"L33.CAGCAGCGTAGCCTAT-1",22
"L33.CAAGATCGTTAAGATG-1",22
"L33.AGCCTAAGTCCGAATT-1",24
"L33.AAGCCGCTCAAACCAC-1",23
"L33.TGATTTCGTTATGTGC-1",25
"L33.TCATTACCACTGAAGG-1",25
"L33.AGCAGCCAGCCAGGAT-1",25
"L33.ACAGCTACATACCATG-1",26
"L33.CTGCCTATCAGGCCCA-1",26
"L33.CGTCACTTCCTTCAAT-1",26
"L33.ACGCCAGCATCCGGGT-1",26
"L33.GAAGCAGTCGCCTGAG-1",26
"L33.TGTTCCGGTGTGACGA-1",25
"L33.TCGCGTTAGTGGACGT-1",25
"L33.TACTTGTCAAGTTCTG-1",25
"L33.GTCGGGTCACGGTGTC-1",25
"L33.CTACACCGTAAAGGAG-1",25
"L33.CTAATGGTCATTATCC-1",25
"L33.CGTGTCTCACGGCTAC-1",25
"L33.CCTTTCTTCGACAGCC-1",25
"L33.CCTACACAGCAATCTC-1",25
"L33.AGCGTATTCAAGAAGT-1",25
"L33.ACCGTAAAGTGCCATT-1",25
"L33.AAAGATGAGAGACTAT-1",25
"L33.CAGCGACAGAAACCTA-1",27
"L33.CCTAAAGAGACACGAC-1",26
"L33.CCCATACCATCCGGGT-1",26
"L33.TCGCGAGTCGTATCAG-1",25
"L33.CAGCAGCTCGAGCCCA-1",25
"L33.GGGCACTTCGTGGGAA-1",24
"L33.GCTGCGATCTGTTTGT-1",24
"L33.CAAGAAAGTTACGACT-1",24
"L33.ACTGATGCAGTATAAG-1",24
"L33.AAGGAGCTCAAGGCTT-1",24
"L33.ACGTCAATCAATAAGG-1",25
"L33.TTCGGTCCATAGAAAC-1",24
"L33.GATGAGGGTAGTAGTA-1",26
"L33.GCTGCGAGTTGGTGGA-1",26
"L33.TCGTAGAGTTACGCGC-1",26
"L33.TCGTACCAGTCTCGGC-1",26
"L33.CGGACGTTCTCGTTTA-1",26
"L33.CATCAGAGTCATATCG-1",26
"L33.CAACTAGAGGAATTAC-1",26
"L33.ATCCACCTCAAGAAGT-1",26
"L33.CGTGTAATCGGAGCAA-1",26
"L33.TGGGCGTGTACTTCTT-1",25
"L33.TCGAGGCAGATGTAAC-1",25
"L33.GTTCTCGAGCCACTAT-1",25
"L33.GATGCTACAGCGTAAG-1",25
"L33.GACAGAGCATTCGACA-1",25
"L33.CTGATAGGTTGACGTT-1",25
"L33.CCAATCCTCTTCAACT-1",25
"L33.CATCGAATCAGAAATG-1",25
"L33.CAGGTGCGTGAGGGTT-1",25
"L33.CACTCCATCGTCTGCT-1",25
"L33.CAACTAGGTGGCTCCA-1",25
"L33.AGTGAGGGTTGGAGGT-1",25
"L33.AGCGTCGAGATCGGGT-1",25
"L33.ACGGCCAAGATGTTAG-1",25
"L33.TTGGAACGTTGAGTTC-1",25
"L33.GAGTCCGCAGGACGTA-1",25
"L33.CCTACACGTGTGACCC-1",25
"L33.CCACTACGTTAAGTAG-1",25
"L33.TTGCCGTCACAGGAGT-1",26
"L33.TGCCCATTCAAACGGG-1",26
"L33.GGACAAGCATTAGCCA-1",26
"L33.GCATGTAAGGGATGGG-1",26
"L33.CCTTCGACAGAGCCAA-1",26
"L33.CATCCACAGAGCTGCA-1",26
"L33.CAACCTCAGGATGGAA-1",26
"L33.ATTGGACGTTTGTTGG-1",26
"L33.AGGCCGTTCCGCAAGC-1",26
"L33.AAAGTAGGTTCGAATC-1",26
"L33.TTTGGTTAGGCCCTCA-1",25
"L33.TTAGTTCAGTACGCGA-1",25
"L33.TCACGAAGTAGAGCTG-1",25
"L33.TAAGAGAAGTACCGGA-1",25
"L33.CTGCTGTCATGGTAGG-1",25
"L33.CTCGAAAGTACCGTTA-1",25
"L33.CCATTCGGTTCCAACA-1",25
"L33.CATCAAGGTCCTCCAT-1",25
"L33.CAGTAACTCATTGCGA-1",25
"L33.CACATTTCAGTACACT-1",25
"L33.AGCTTGACATGTAAGA-1",25
"L33.ACGCCAGGTATATGAG-1",25
"L33.ACATCAGTCCTTGCCA-1",25
"L33.AAACGGGGTACCGTTA-1",25
"L33.AGCAGCCGTAGCGCAA-1",25
"L33.CCTTCGACATAGGATA-1",24
"L33.CCAATCCGTGTGCCTG-1",24
"L33.TTTCCTCAGAGACTTA-1",24
"L33.CAGAATCTCGCGGATC-1",24
"L33.CTCTGGTAGCCTTGAT-1",23
"L33.TACACGAGTCCAACTA-1",22
